"Review Id","User ID","Display Name","User Name","User Profile","User Avatar","User Location","User Is Verified","Rating","Additional Ratings","Review Title","Review Text","Helpful Votes","Photos","Trip Type","Stay Date","Created Date","Published Date","Language","Location","Location Id","URL"
"972782258","D8A8C1F31FBE178096DF2A30BCD38251","Tutta D","tuttad","https://www.tripadvisor.com/Profile/tuttad","https://media-cdn.tripadvisor.com/media/photo-o/1a/f6/ea/b2/default-avatar-2020-69.jpg","","No","5","","Tasty gourmet food at Knystaforsen!","Thank you once again Knystaforsen for an unforgettable experience with your fine staff, wonderful food and sparkling drinks! We also booked overnight and breakfast which in itself was an experience! What a breakfast! Knystaforsen is well worth a visit if you like to eat a tasting menu with fantastically exciting food! 20 small dishes with a suitable drink! I have once again eaten things I probably never would have tried otherwise! This was our second visit and Knystaforsen has managed to become even more amazing! I highly recommend a visit to Knystaforsen!","0","https://media-cdn.tripadvisor.com/media/photo-o/2d/b7/6a/64/knystaforsen-en-fantastisk.jpg
https://media-cdn.tripadvisor.com/media/photo-o/2d/b7/6a/61/knystaforsen-en-fantastisk.jpg
https://media-cdn.tripadvisor.com/media/photo-o/2d/b7/6a/60/knystaforsen-en-fantastisk.jpg
https://media-cdn.tripadvisor.com/media/photo-o/2d/b7/6e/43/caption.jpg
https://media-cdn.tripadvisor.com/media/photo-o/2d/b7/6e/44/caption.jpg
https://media-cdn.tripadvisor.com/media/photo-o/2d/b7/6e/46/caption.jpg
https://media-cdn.tripadvisor.com/media/photo-o/2d/b7/6e/47/caption.jpg
https://media-cdn.tripadvisor.com/media/photo-o/2d/b7/6e/4a/caption.jpg
https://media-cdn.tripadvisor.com/media/photo-o/2d/b7/6e/4b/caption.jpg
https://media-cdn.tripadvisor.com/media/photo-o/2d/b7/6a/62/knystaforsen-en-fantastisk.jpg
https://media-cdn.tripadvisor.com/media/photo-o/2d/b7/6a/63/knystaforsen-en-fantastisk.jpg","COUPLES","2024-10-31","2024-10-06","2024-10-06","en","Knystaforsen","23236290","https://www.tripadvisor.com/ShowUserReviews-g15297031-d23236290-r972782258-Knystaforsen-Torup_Halland_County_West_Coast.html"
"963246737","36F512AFCB0384B004C460D541480E76","Mogens B","mogensb2018","https://www.tripadvisor.com/Profile/mogensb2018","https://media-cdn.tripadvisor.com/media/photo-m/1280/18/bf/a9/7d/mogensb2018.jpg","Copenhagen","No","5","","Magical night. To be experienced again.","Magical summer evening where we were taken through over 20 unique servings that had all been prepared over open fire. Everything was served beautifully, so there was both for eyes and taste. Aesthetics at the forefront. All employees were relaxed, present and seemed proud.  The surroundings magical.  A completely magical evening that must be experienced again..","0","https://media-cdn.tripadvisor.com/media/photo-w/2d/0e/9d/ca/caption.jpg
https://media-cdn.tripadvisor.com/media/photo-w/2d/0e/9d/cb/caption.jpg
https://media-cdn.tripadvisor.com/media/photo-w/2d/0e/9d/cc/caption.jpg
https://media-cdn.tripadvisor.com/media/photo-w/2d/0e/9d/cd/caption.jpg
https://media-cdn.tripadvisor.com/media/photo-w/2d/0e/9d/ce/caption.jpg
https://media-cdn.tripadvisor.com/media/photo-w/2d/0e/9d/cf/caption.jpg
https://media-cdn.tripadvisor.com/media/photo-w/2d/0e/9d/d0/caption.jpg
https://media-cdn.tripadvisor.com/media/photo-w/2d/0e/9d/d1/caption.jpg
https://media-cdn.tripadvisor.com/media/photo-w/2d/0e/9d/d2/caption.jpg
https://media-cdn.tripadvisor.com/media/photo-w/2d/0e/9d/d3/caption.jpg
https://media-cdn.tripadvisor.com/media/photo-w/2d/0e/9d/d4/caption.jpg
https://media-cdn.tripadvisor.com/media/photo-w/2d/0e/9d/d5/caption.jpg
https://media-cdn.tripadvisor.com/media/photo-w/2d/0e/9d/d6/caption.jpg","FRIENDS","2024-08-31","2024-08-05","2024-08-04","en","Knystaforsen","23236290","https://www.tripadvisor.com/ShowUserReviews-g15297031-d23236290-r963246737-Knystaforsen-Torup_Halland_County_West_Coast.html"
"960076011","D9EE9F3B215D18576364F2A34381CC79","N.P.L","lisn_13","https://www.tripadvisor.com/Profile/lisn_13","https://media-cdn.tripadvisor.com/media/photo-o/1a/f6/de/5a/default-avatar-2020-36.jpg","New York City","No","4","","Very expensive, not a wine under 2600 kroner on the wine card it's a pity because the place has a message but it's all too expensive","Very expensive , there is not a single bottle of wine below 2600 kr on the map
There is no doubt that all the dishes are well prepared and the place has a message 
The food was good but we felt that the whole stay was too expensive
In addition to paying for one night then you have to pay 500 kr per person for breakfast, we were installed on a small guesthouse but it was definitely not worth the money and it required a transport to and from the restaurant 
The dishes were good but very small unfortunately
A stay for 4 people with dinner and breakfast and a little wine yes it was 29.000 kr and definitely not worth it unfortunately","0","https://media-cdn.tripadvisor.com/media/photo-w/2c/e3/2a/7a/caption.jpg
https://media-cdn.tripadvisor.com/media/photo-w/2c/e3/2a/7b/caption.jpg
https://media-cdn.tripadvisor.com/media/photo-w/2c/e3/2a/7c/caption.jpg
https://media-cdn.tripadvisor.com/media/photo-w/2c/e3/2a/7d/caption.jpg
https://media-cdn.tripadvisor.com/media/photo-w/2c/e3/2a/7e/caption.jpg","FRIENDS","2024-07-31","2024-07-18","2024-07-18","en","Knystaforsen","23236290","https://www.tripadvisor.com/ShowUserReviews-g15297031-d23236290-r960076011-Knystaforsen-Torup_Halland_County_West_Coast.html"
"959580010","A44A41B200728B714255002252DAFFE4","Lollo O","lolloo2021","https://www.tripadvisor.com/Profile/lolloo2021","https://media-cdn.tripadvisor.com/media/photo-o/2d/d2/49/cb/lollo-o.jpg","Kalmar","No","5","Value: 5
Service: 5
Food: 5
Atmosphere: 5","Fine dine in beautiful setting","Welcoming atmosphere in a beautiful setting. Well composed food with beautiful setup. All in the sign of fire.
Good service with extra plus because they picked up their guests in the inn a few kilometers away so we did not have to think about transport when it is out in the woods.

I'd be surprised if they don't get their second star within 1-2 years, because that's where they are.","0","","FRIENDS","2024-07-31","2024-07-15","2024-07-14","en","Knystaforsen","23236290","https://www.tripadvisor.com/ShowUserReviews-g15297031-d23236290-r959580010-Knystaforsen-Torup_Halland_County_West_Coast.html"
"957350546","99E703B5783349C618FB7DE94D4DEC8A","Trine H","570trineh","https://www.tripadvisor.com/Profile/570trineh","https://media-cdn.tripadvisor.com/media/photo-o/18/52/09/99/caption.jpg","Faaborg","No","5","","Great again","This is the second time we're here, now our kids should try it. 
It is such a cozy place the food is not to describe it should be experienced 
It's just the best ❤️🔥","0","https://media-cdn.tripadvisor.com/media/photo-w/2c/b5/4a/6e/caption.jpg
https://media-cdn.tripadvisor.com/media/photo-w/2c/b5/4a/6f/caption.jpg","FAMILY","2024-06-30","2024-06-30","2024-06-30","en","Knystaforsen","23236290","https://www.tripadvisor.com/ShowUserReviews-g15297031-d23236290-r957350546-Knystaforsen-Torup_Halland_County_West_Coast.html"
"951879008","7F9EFEF2CFFEC8D2E6AFF6A4A273D77A","teskeTeske","teskeTeske","https://www.tripadvisor.com/Profile/teskeTeske","https://media-cdn.tripadvisor.com/media/photo-o/1a/f6/e5/66/default-avatar-2020-53.jpg","Charlottenlund","No","5","","Great place!","We had an amazing day. There was not room in the house that is close to the restaurant so we stayed in a small kind of abandoned hotel where we were the only ones but it was fine. Also very nice that there was a free selection of snacks and drinks. the hotel was in a very small village called Torup and it is just next to a lake. Next morning they turned on the sauna so we could go there and I took a swim in the lake but be aware that the ladder down to the lake is too short so it’s difficult to get back up again! the restaurant the food and the whole set up was perfect and very nice staff - also the owner and his wife are very nice. The breakfast was also very good and the surroundings are really amazing. 
When you come to the hotel, they will give you a list of places that are nice to make a walk in. And there are lots of beautiful places around.","0","","COUPLES","2024-05-31","2024-05-22","2024-05-22","en","Knystaforsen","23236290","https://www.tripadvisor.com/ShowUserReviews-g15297031-d23236290-r951879008-Knystaforsen-Torup_Halland_County_West_Coast.html"
"948845730","3245614775A58E025AA1B7EFB89EDB42","PLJ","490p_rj","https://www.tripadvisor.com/Profile/490p_rj","https://media-cdn.tripadvisor.com/media/photo-o/1a/f6/e2/81/default-avatar-2020-43.jpg","","No","3","","High price in relation to the dining experience","In relation to the price, it is difficult to specify better than 3. The 7 dishes were good but small and they should ask if you want more of something. Ingredients mostly simple but well cooked. You couldn't get enough. The wine package with Nordic wines was good to begin with, but there was too much sweet/juice taste. But there are other wine packages that might be a better fit.","0","","FRIENDS","2024-04-30","2024-04-29","2024-04-29","en","Knystaforsen","23236290","https://www.tripadvisor.com/ShowUserReviews-g15297031-d23236290-r948845730-Knystaforsen-Torup_Halland_County_West_Coast.html"
"943583536","5507132F4FFFE9939BC8089780F6B642","Jens N","jensn286","https://www.tripadvisor.com/Profile/jensn286","https://media-cdn.tripadvisor.com/media/photo-o/1a/f6/f4/20/default-avatar-2020-31.jpg","Bronshoej","No","5","Value: 5
Service: 5
Food: 5
Atmosphere: 5","Must try","A thoroughly fantastic experience, a lovely and warm atmosphere and the food and wine menu were a perfect match. Can definitely be recommended and one for the list, must try.","0","","COUPLES","2024-03-31","2024-03-24","2024-03-24","en","Knystaforsen","23236290","https://www.tripadvisor.com/ShowUserReviews-g15297031-d23236290-r943583536-Knystaforsen-Torup_Halland_County_West_Coast.html"
"926616973","636EFFCF4E14138E4D8D11805569DA7D","Buffe","Buffe","https://www.tripadvisor.com/Profile/Buffe","https://media-cdn.tripadvisor.com/media/photo-o/1a/f6/f4/d0/default-avatar-2020-33.jpg","Solroed Strand","No","5","","Exceptional experience","We visited the restaurant with two other couples while staying at their lodge. At the set time of dinner we walked the short distance to the restaurant and were warmly greeted outside by the owner and chef - what a nice welcome. The menu for the dinner was set, so we only had to choose wine. However, here was the only less positive point of the experience, as the prices on the wine card were unreasonable high (cost to qualify), So we opted for the wine pairing, which I usually don’t do - this was actually quite fine. The food came in a good pace in many small servings - all presented in beautiful pottery and even more importantly with great taste. Some of the dished was served outside by the fire. During the evening we were taken exceptionally well care of by the team - they are just so attentive and enthusiastic. All in all an unforgettable, and one of the best dining experiences, I have had for a long time, which was echoed by my partner and the other participants. It is a “must visit“ dining experience.","0","","FRIENDS","2023-10-31","2023-11-20","2023-11-19","en","Knystaforsen","23236290","https://www.tripadvisor.com/ShowUserReviews-g15297031-d23236290-r926616973-Knystaforsen-Torup_Halland_County_West_Coast.html"
"919278091","99E703B5783349C618FB7DE94D4DEC8A","Trine H","570trineh","https://www.tripadvisor.com/Profile/570trineh","https://media-cdn.tripadvisor.com/media/photo-o/18/52/09/99/caption.jpg","Faaborg","No","5","","fantastic","Absolutely fantastic from the moment we arrived until we left.
Beautiful place where the calm subsides and everything is enjoyed to the fullest.
Will be greeted by the owner with a warm handshake and will be guided through one delicacy right after the other.
Everything was so perfect, the place intimate and cosy.
A place I really want to visit again ❤️","0","https://media-cdn.tripadvisor.com/media/photo-w/2a/79/38/46/caption.jpg
https://media-cdn.tripadvisor.com/media/photo-w/2a/79/38/47/caption.jpg
https://media-cdn.tripadvisor.com/media/photo-w/2a/79/38/48/caption.jpg","FRIENDS","2023-10-31","2023-10-01","2023-10-01","en","Knystaforsen","23236290","https://www.tripadvisor.com/ShowUserReviews-g15297031-d23236290-r919278091-Knystaforsen-Torup_Halland_County_West_Coast.html"
"917958620","D5AA7E440F2227B50EFF77B6CA332C3A","Jess M","736jessm","https://www.tripadvisor.com/Profile/736jessm","https://media-cdn.tripadvisor.com/media/photo-o/1a/f6/eb/e3/default-avatar-2020-59.jpg","Odense","No","5","","Cooking On Fire","Hang on, we got one of the big ones on the experience yesterday 🥂🍾🙏
Thanks to Nicolai Tram and his amazing team.

Amazing what can be done over a fire, we're fans","0","https://media-cdn.tripadvisor.com/media/photo-m/1280/2a/67/24/6a/caption.jpg
https://media-cdn.tripadvisor.com/media/photo-m/1280/2a/67/24/6b/caption.jpg
https://media-cdn.tripadvisor.com/media/photo-m/1280/2a/67/24/6c/caption.jpg
https://media-cdn.tripadvisor.com/media/photo-m/1280/2a/67/24/6d/caption.jpg
https://media-cdn.tripadvisor.com/media/photo-m/1280/2a/67/24/6e/caption.jpg","FRIENDS","2023-09-30","2023-09-23","2023-09-22","en","Knystaforsen","23236290","https://www.tripadvisor.com/ShowUserReviews-g15297031-d23236290-r917958620-Knystaforsen-Torup_Halland_County_West_Coast.html"
"908543057","992AFD94ECF177F2D2898237E799AE2B","Monica S","MonicaS2146","https://www.tripadvisor.com/Profile/MonicaS2146","https://media-cdn.tripadvisor.com/media/photo-o/1a/f6/e8/5b/default-avatar-2020-61.jpg","","No","5","Value: 5
Service: 5
Food: 5
Atmosphere: 5","sublime and cozy","atmosphere - taste - scent - everything comes together in a higher unity! We would love to come again. And again. And again!
The surroundings are like a fairy tale. The duvets in Villa Knystaforsen are airy in just the right fluffy way!","0","","COUPLES","2023-08-31","2023-08-07","2023-08-07","en","Knystaforsen","23236290","https://www.tripadvisor.com/ShowUserReviews-g15297031-d23236290-r908543057-Knystaforsen-Torup_Halland_County_West_Coast.html"
"906990820","B4B7A3914A8C00BDE68B12827F28ED59","Doglover","Piaespe","https://www.tripadvisor.com/Profile/Piaespe","https://media-cdn.tripadvisor.com/media/photo-o/1a/f6/e4/2d/default-avatar-2020-48.jpg","Fort Lauderdale","No","5","Value: 5
Service: 5
Food: 5
Atmosphere: 5","An experience of a lifetime ","The dining experience was exceptional, with delicious and delectable dishes that left a lasting impression. Nikolai and staff’s culinary skills created a memorable evening, making it a must visit for any food lover. The ambiance and the incredible nature setting was stunning. Thank you for this unforgettable experience. Ann,Flemming, Pia and Claus","0","","FAMILY","2023-07-31","2023-07-31","2023-07-31","en","Knystaforsen","23236290","https://www.tripadvisor.com/ShowUserReviews-g15297031-d23236290-r906990820-Knystaforsen-Torup_Halland_County_West_Coast.html"
"894694061","A3D6972BA131F14A39D98EB734B49582","Michael J","michaeljP3020JR","https://www.tripadvisor.com/Profile/michaeljP3020JR","https://media-cdn.tripadvisor.com/media/photo-o/1a/f6/e9/60/default-avatar-2020-64.jpg","Maeloev","No","5","","Totaloplevelse","Det var en fantastisk oplevelse. Ikke kun maden og vinen var fantastiske. Det er en total fed oplevelse. Det SKAL opleves.","0","https://media-cdn.tripadvisor.com/media/photo-w/29/75/32/dc/caption.jpg
https://media-cdn.tripadvisor.com/media/photo-w/29/75/32/db/caption.jpg","FRIENDS","2023-05-31","2023-06-12","2023-06-12","da","Knystaforsen","23236290","https://www.tripadvisor.com/ShowUserReviews-g15297031-d23236290-r894694061-Knystaforsen-Torup_Halland_County_West_Coast.html"
"889959584","04CEE589B90E4100CA15B6195A455B70","Fredrik B","P3488GTfredrikb","https://www.tripadvisor.com/Profile/P3488GTfredrikb","https://media-cdn.tripadvisor.com/media/photo-o/1a/f6/e3/1f/default-avatar-2020-46.jpg","","No","5","Value: 5
Service: 5
Food: 5","Smaksensation","Helt otrolig smakupplevelse. Fantastisk personal. Alltigenom den perfekta kvällen i en underbar miljö","1","https://media-cdn.tripadvisor.com/media/photo-w/29/14/0b/be/caption.jpg
https://media-cdn.tripadvisor.com/media/photo-w/29/14/0b/bd/caption.jpg
https://media-cdn.tripadvisor.com/media/photo-w/29/14/0b/bc/caption.jpg
https://media-cdn.tripadvisor.com/media/photo-w/29/14/0b/bf/caption.jpg","COUPLES","2023-05-31","2023-05-11","2023-05-11","sv","Knystaforsen","23236290","https://www.tripadvisor.com/ShowUserReviews-g15297031-d23236290-r889959584-Knystaforsen-Torup_Halland_County_West_Coast.html"
"885161965","543E35548C4437D73B1B4250D85FBC24","Mia K","920miak","https://www.tripadvisor.com/Profile/920miak","https://media-cdn.tripadvisor.com/media/photo-o/1a/f6/ed/00/default-avatar-2020-4.jpg","Stenloese","No","5","","Forkælelse","En aften hvor alle sanser blev forkælet.
Det skønneste sted med fantastisk mad og nærvær.
Varmeste anbefaling herfra⭐️⭐️⭐️⭐️⭐️⭐️","1","","COUPLES","2023-04-30","2023-04-07","2023-04-07","da","Knystaforsen","23236290","https://www.tripadvisor.com/ShowUserReviews-g15297031-d23236290-r885161965-Knystaforsen-Torup_Halland_County_West_Coast.html"
"883555460","2C1C46BC8C6BB07EABE0F4BBAF27AD8E","Thomas","Hultgren","https://www.tripadvisor.com/Profile/Hultgren","https://media-cdn.tripadvisor.com/media/photo-o/10/d5/fb/39/hultgren.jpg","Malmö","No","5","","Ett annorlunda kök","Vi besökte Knystaforsen med förväntningar. Åt fantastiska kreationer med smaker som vi inte trodde var möjliga att framställa med de råvaror som de använder. Vi var helt saliga efter fyra timmar. Trevlig personal, underbar miljö.
Förstår att Michelingubbarna gillar detta ställe, det gjorde vi också.","4","","COUPLES","2023-03-31","2023-03-25","2023-03-25","sv","Knystaforsen","23236290","https://www.tripadvisor.com/ShowUserReviews-g15297031-d23236290-r883555460-Knystaforsen-Torup_Halland_County_West_Coast.html"
"875913676","F568884F828E1CA141F4045E91650277","Henrik Halkier","HenrikHalkier","https://www.tripadvisor.com/Profile/HenrikHalkier","https://media-cdn.tripadvisor.com/media/photo-o/1a/f6/f4/20/default-avatar-2020-31.jpg","Aalborg","No","5","","Cooking on fire!","Cooking on fire! The motto of Knystaforsen really rings true, a great evening with superb and creative cooking, friendly staff, and pleasant ambiance. Many small servings based on local produce, strong on umami whether veggie, fish or meat that to excellent sauces. Cooking takes place over open fires outside also in winter, and sitting outdoors briefly around the fire for a quick æbleskive with gooseberry filling was brilliant, if a bit nippy. A great evening out, certainly worth more than one visit!","1","https://media-cdn.tripadvisor.com/media/photo-w/27/f6/cc/d3/caption.jpg
https://media-cdn.tripadvisor.com/media/photo-m/1280/27/f6/cc/d2/caption.jpg
https://media-cdn.tripadvisor.com/media/photo-m/1280/27/f6/cc/d1/caption.jpg
https://media-cdn.tripadvisor.com/media/photo-w/27/f6/cc/d0/caption.jpg
https://media-cdn.tripadvisor.com/media/photo-m/1280/27/f6/cc/cf/caption.jpg","COUPLES","2023-01-31","2023-01-22","2023-01-21","en","Knystaforsen","23236290","https://www.tripadvisor.com/ShowUserReviews-g15297031-d23236290-r875913676-Knystaforsen-Torup_Halland_County_West_Coast.html"
"875270154","3E847ADD591EB67CDA08A6D712E1BB72","Restaurant H","Herthadalen","https://www.tripadvisor.com/Profile/Herthadalen","https://media-cdn.tripadvisor.com/media/photo-o/06/75/5b/c0/herthadalen.jpg","Lejre","No","5","Value: 5
Service: 5
Food: 5","Seminar ved Knystaforsen","Wow Eva & Nicolai sikke et arrangement✨

Tusind tak for jeres utrolige værtskab. Det var berigende at være en del af jeres univers🌲🍽🥂
Vi skulle på det årlige 2 dags seminar, og vi kunne ikke have ønsket os et bedre sted at holde det end ved jer!
Vi ankom til frokosttid hvor vi blev modtaget i døren 😃 og hvor der var gjort det fineste mødelokale klar til os i Vineriet. Her fik vi en god omgang frokost og senere en vinsmagning af Henno fra Vild Vin 🍷Hvilket var super spændene og helt tilpas nørdet, så vi selv fik lyst til at lave vino 🤩
Senere den lækreste middag i selve restauranten Knystaforsen. (Henno fra Vild Vin var her med til at tilberede vores lækre mad i køkkenet✨ hvilket gjorde det super hyggeligt ✨) Her blev der tilberedt den lækreste menu med lokale råvare over bål og tilhørende svenske vine. WOW! Virkelig en oplevelse! 
Værtskabet var vidunderlig og atmosfæren var magisk. 
I er fantastiske og det er tydeligt at mærke jeres nærvær og at jeres rejse, trods de mange flotte og velfortjente anmeldelser, kun lige er begyndt…. 😊

Vi kan næste ikke vente med at besøge jer igen. 

En masse kærlighed og magi jeres vej fra
Restaurant Herthadalen
🌟🌟🌟","1","","NONE","2023-01-31","2023-01-16","2023-01-15","da","Knystaforsen","23236290","https://www.tripadvisor.com/ShowUserReviews-g15297031-d23236290-r875270154-Knystaforsen-Torup_Halland_County_West_Coast.html"
"860944953","CA10BA048A5E915AB361B092580AB7EE","ttolborg","ttolborg","https://www.tripadvisor.com/Profile/ttolborg","https://media-cdn.tripadvisor.com/media/photo-o/1a/f6/e7/7b/default-avatar-2020-56.jpg","Silkeborg","No","5","","En perle","Eva og Nicolai har skabt en skøn perle i Sverige. Vi havde en uforglemmelig weekend hos dem. Oplevelsen er til mere end kun een Michelin stjerne.","1","https://media-cdn.tripadvisor.com/media/photo-m/1280/25/f5/b3/4d/caption.jpg
https://media-cdn.tripadvisor.com/media/photo-m/1280/25/f5/b3/4c/caption.jpg
https://media-cdn.tripadvisor.com/media/photo-m/1280/25/f5/b3/4b/caption.jpg
https://media-cdn.tripadvisor.com/media/photo-m/1280/25/f5/b3/4a/caption.jpg","FRIENDS","2022-09-30","2022-09-19","2022-09-19","da","Knystaforsen","23236290","https://www.tripadvisor.com/ShowUserReviews-g15297031-d23236290-r860944953-Knystaforsen-Torup_Halland_County_West_Coast.html"
"833510332","16353570C69BD06DD7A13B601BFD143B","Fredrik T","54fredrikt","https://www.tripadvisor.com/Profile/54fredrikt","https://media-cdn.tripadvisor.com/media/photo-m/1280/2b/e1/12/18/caption.jpg","Malmö","No","5","Value: 5
Service: 5
Food: 5","Unik upplevelse för alla sinnen med bestående intryck!","Vi hade en fantastisk middag på Knystaforsen restaurang där Nicolaj och Eva tillsammans med sin personal har skapat ett unikt koncept. All mat grillas över öppen eld utomhus som sedan serveras i en mysig lokal där de själva bor på ovanvåningen. Lokala råvaror efter säsong med älg, rökt anka, palsternacka, gös, äpplen och rådjur kombinerat med svenska viner och cider, ett genomtänkt koncept där allt blandas med massor av kärlek bidrar till en minnesvärd helkväll i toppklass! Rekommenderas verkligen. Vi kommer tillbaka!","1","https://media-cdn.tripadvisor.com/media/photo-w/22/da/d6/43/gos-och-enbar.jpg
https://media-cdn.tripadvisor.com/media/photo-w/22/da/d6/47/purjolok-med-vassle.jpg
https://media-cdn.tripadvisor.com/media/photo-w/22/da/d6/52/blodpudding-och-maskros.jpg
https://media-cdn.tripadvisor.com/media/photo-w/22/da/d6/5f/ostbricka-med-ostar-fran.jpg
https://media-cdn.tripadvisor.com/media/photo-w/22/da/d6/61/rokt-anka.jpg","NONE","2022-03-31","2022-04-05","2022-04-05","sv","Knystaforsen","23236290","https://www.tripadvisor.com/ShowUserReviews-g15297031-d23236290-r833510332-Knystaforsen-Torup_Halland_County_West_Coast.html"
"832028359","BCF49B075D27A54A1CA671C5DEE615A5","Charlotte","Charlotte4700","https://www.tripadvisor.com/Profile/Charlotte4700","https://media-cdn.tripadvisor.com/media/photo-o/1a/f6/f4/5d/default-avatar-2020-32.jpg","Ko Kut","No","5","","Magisk aften","En magisk aften…..
Mad, service, nærvær og lokation var 
🌟🌟🌟🌟🌟 🌟
Det skal opleves! 
Alt gik op i en højere enhed. Jeg er fan!","0","","SOLO","2022-03-31","2022-03-22","2022-03-22","da","Knystaforsen","23236290","https://www.tripadvisor.com/ShowUserReviews-g15297031-d23236290-r832028359-Knystaforsen-Torup_Halland_County_West_Coast.html"
"828356012","5ACE852FF2DDCDB5C0FF7205B89922F0","Cuiners","Cuiners","https://www.tripadvisor.com/Profile/Cuiners","https://media-cdn.tripadvisor.com/media/photo-o/08/68/f5/67/cuiners.jpg","","No","5","","Inigualable experiencia.","des

Menú

Reseñas

Fotos

Información

Resultados principales

Evaluar y escribir una reseña en Google

Reseñas de Google

Ordenar por

Más relevantes

Más recientes

Más alta

Más baja

￼

A. V.

Local Guide·32 reseñas·23 fotos

justo ahoraNUEVO

Una experiencia única la que se vive en Knystaforsen. Vale la pena desplazarse desde Copenhague para visitar este restaurante.

Déjate llevar en una tarde noche sin precedentes.

Cocina de autor y local cuyo hilo conductor es la naturaleza y la cocción en fuego.

Productos de máxima calidad, trabajados al detalle.

A resaltar el maridaje, tanto con alcohol como el de sin alcohol.

Solo me queda dar la enhorabuena a todo el equipo capitaneado por Nicolai&Eva.

Sin duda les espera un futuro lleno de reconocimientos. Es merecedor de 1*estrella Michelin sin lugar a dudas.

","0","https://media-cdn.tripadvisor.com/media/photo-o/22/1d/1f/cb/caption.jpg
https://media-cdn.tripadvisor.com/media/photo-o/22/1d/1f/ca/caption.jpg
https://media-cdn.tripadvisor.com/media/photo-o/22/1d/1f/c9/caption.jpg","FRIENDS","2022-02-28","2022-02-17","2022-02-17","es","Knystaforsen","23236290","https://www.tripadvisor.com/ShowUserReviews-g15297031-d23236290-r828356012-Knystaforsen-Torup_Halland_County_West_Coast.html"
"826695250","B0AF0ECF0B37DCB00E71887EE1B0107C","HMPR","HMPR","https://www.tripadvisor.com/Profile/HMPR","https://media-cdn.tripadvisor.com/media/photo-o/08/2c/dc/d2/hmpr.jpg","Gothenburg","No","4","Value: 5
Service: 4
Food: 4","En helhetsupplevelse utöver det vanliga","Vi hade väldigt höga förväntningar efter att ha läst om Knystaforsen på flera olika medier och då vi också älskar mat och dryck i kombination med en helhetsupplevelse.
Förutom middagen, så valde vi att bo en natt på hotellet. Det var en bra och smidig kommunikation före vistelsen med Eva som informerade om vistelsen och som även svarade på alla frågor man hade.
Boendet och restaurangen ligger precis bredvid forsen, så det ligger otroligt fint.
Boendet har gratis parkering, men vi saknade dock laddningsmöjlighet till vår bil.

Själva rummet var stort och otroligt mysigt och fint inrett. Tyvärr var det väldigt dammigt under sängen och det hängde spindelnät i en av lamporna, men annars var det rent och fräscht.
Det fanns gratis kaffe och te på rummet och ville man beställa någon dryck till rummet, så var det inga problem. Vi testade en svensk cider innan middagen och den var ganska god.
Ljudet från forsen hörs in i rummet, men det fanns en låda med diverse bra att ha saker med bl.a. öronproppar, om man behövde det.

Restaurangen var otroligt mysig, lugn, harmonisk, hemtrevlig och välkomnande. En härlig blandning av fine dining och udda inredningsdetaljer.
Middagen bestod av 15 rätter inklusive dryck (vin eller alkoholfritt). Vi valde ett dryckespaket med vin och ett utan alkohol. Många av dryckerna utan alkohol var gjorda som kombucha med olika smaker och det var en riktigt spännande och god dryckespaket. ""Vinerna"" var alla från svenska gårdar och gjorda på druvor, äpplen eller bär. Även i denna dryckespaket fanns det många intressanta drycker, däremot så var de inte riktigt lika bra och matchade inta lika bra till maten som den alkoholfria.

Själva maten kom in i ett bra tempo, rätterna var väldigt intressanta och vackra, hade otroliga smaker och det var flera udda ingredienser (t.ex. ankhjärta, blodpudding, maskrosrötter och fasanlever). De flesta av rätterna var väldigt välbalanserade i smaken och vissa var helt otroliga (bl.a. göskinden och purjolöken), men dovhjorten tyckte vi saknade sälta, balans och föll oss inte riktigt i smaken. 
Hela middagen tog ca 4 timmar inklusive en liten paus där man fick gå ut och kolla på uteköket där allt tillagades över öppen eld.
Ville man också lägga till lokalproducerade ostar, så kunde man göra det för 250 kr inklusive ett glas dryck. Hela menyn bestod av råvaror enbart från Halland.

Frukosten dagen efter fick vi levererat i en picknick korg till rummet, där vi till soluppgången på rummet och ljudet av forsen kunde avnjuta frukosten i lugn och ro. Frukosten bestod av nybakta frallor, kaffe, kokta ägg, pålägg, juice, yoghurt, müsli och äpple. Vi saknade lite grönsaker och eftersom jag inte dricker kaffe, så hade vi gärna sett att man fick lite mer juice. Däremot så var frallorna otroligt goda, äggen perfekt kokta och det var mysigt att få en korg levererat till rummet.

Eva och Nikolaj med medarbetare gjorde kvällen verkligen så himla trevlig och minnesvärd, så vill skulle gärna åka tillbaka fast vid en annan årstid för att testa nya smaker.

Anledningen till att jag inte kan ge en femma i betyg är delvis för städningen på rummet samt att min man inte blev helt mätt. Alltså var det lite små portioner för honom även fast vi tog den extra osttallriken och vi är ändå inte så stora i maten. Frukosten kunde också varit lite mer generös. 
Men det är inte långt ifrån en så perfekt upplevelse man kan komma. Så vi hoppas att Knystaforsen blir kvar länge till och fortsätter att leverera på minst samma höga nivå.","1","https://media-cdn.tripadvisor.com/media/photo-o/22/01/c2/09/huset-med-hotellrummen.jpg
https://media-cdn.tripadvisor.com/media/photo-o/22/01/c2/0a/lejonhuvudet-som-pryder.jpg
https://media-cdn.tripadvisor.com/media/photo-o/22/01/c2/0b/frukostkorgen.jpg
https://media-cdn.tripadvisor.com/media/photo-o/22/01/c2/0d/ostarna-som-man-kunde.jpg
https://media-cdn.tripadvisor.com/media/photo-o/22/01/c2/0e/knystaforsen.jpg
https://media-cdn.tripadvisor.com/media/photo-o/22/01/c2/10/nikolaj-serverar-en-av.jpg","NONE","2022-01-31","2022-02-03","2022-02-03","sv","Knystaforsen","23236290","https://www.tripadvisor.com/ShowUserReviews-g15297031-d23236290-r826695250-Knystaforsen-Torup_Halland_County_West_Coast.html"
"822678435","9A06B1664F36D8C4D7E7D69ECFC988EF","ChristinaA","ChristinaIS","https://www.tripadvisor.com/Profile/ChristinaIS","https://media-cdn.tripadvisor.com/media/photo-o/1a/f6/e9/60/default-avatar-2020-64.jpg","Allinge","No","5","Value: 5
Service: 5
Food: 5","Som et vidunderligt eventyr","Helt fra vores ankomst til Knystaforsen, mærkede vi at dette sted var noget særligt. 
Vi blev mødt udenfor restauranten af Nicolai der ejer (stedet sammen med sin hustru Eva og deres 2 sønner).
Vi fik lidt at vide om stedets historie og blev så fulgt indenfor i det smukke rum. Stemningen var både højtidelig og afslappet. Højtidelig fordi alle havde gjort sig umage med rammerne for gæsterne og afslappet fordi vi som gæster bare skulle slappe af og nyde det. Maden - en 15 retters menu - var helt enestående. Hver servering var en intens oplevelse for alle sanser. Der blev undervejs sørget for at vi fik brudt vores plads ved bordet for en stund. Men det vil jeg lade den besøgende selv opleve og ikke afsløre her.  Alle vi blev mødt af under vores restarantbesøg var dygtige, nærværende og betænksomme.
Halvdelen i vores familie havde valgt den alkoholfri drikkemenu og det var både inspirerende og en rigtig god oplevelse. Det samme sagde dem der havde valgt vinmenueen. Som en detalje, var vi glade for, at brødet var en del af den samlede smagsoplevelse, og ikke den brødkurv, som man så ofte får spist for meget af.  Derfor var vi lykkeligt fuldstændigt mætte, men ikke tunge, da vi 5 timer senere forlod dette vidunderlige sted for at begive os over i deres fine hotel på den anden side af forsen.
Vi havde oplevelsen af at have været med i et vidunderlig eventyr. Her vil vi tilbage til!!","1","","NONE","2021-12-31","2021-12-21","2021-12-21","da","Knystaforsen","23236290","https://www.tripadvisor.com/ShowUserReviews-g15297031-d23236290-r822678435-Knystaforsen-Torup_Halland_County_West_Coast.html"